"relative_path","full_path","Name","Extension","Length","size_mb","LastWriteTime"
"01_fooocus\Fooocus-main_canonical\Fooocus-main\models\checkpoints\juggernautXL_v8Rundiffusion.safetensors","D:\zzipp\جي بي\الكميرا\_organized_generation_workspace_20260612\01_fooocus\Fooocus-main_canonical\Fooocus-main\models\checkpoints\juggernautXL_v8Rundiffusion.safetensors","juggernautXL_v8Rundiffusion.safetensors",".safetensors","7105348592","6776.188","28/10/47 04:56:20 م"
"01_fooocus\Fooocus-main_canonical\Fooocus-main\models\clip_vision\clip_vision_vit_h.safetensors","D:\zzipp\جي بي\الكميرا\_organized_generation_workspace_20260612\01_fooocus\Fooocus-main_canonical\Fooocus-main\models\clip_vision\clip_vision_vit_h.safetensors","clip_vision_vit_h.safetensors",".safetensors","1972298538","1880.93","29/10/47 01:17:10 ص"
"01_fooocus\Fooocus-main_canonical\Fooocus-main\models\controlnet\ip-adapter-plus_sdxl_vit-h.bin","D:\zzipp\جي بي\الكميرا\_organized_generation_workspace_20260612\01_fooocus\Fooocus-main_canonical\Fooocus-main\models\controlnet\ip-adapter-plus_sdxl_vit-h.bin","ip-adapter-plus_sdxl_vit-h.bin",".bin","1013454427","966.505","29/10/47 01:19:44 ص"
"01_fooocus\Fooocus-main_canonical\Fooocus-main\models\loras\sd_xl_offset_example-lora_1.0.safetensors","D:\zzipp\جي بي\الكميرا\_organized_generation_workspace_20260612\01_fooocus\Fooocus-main_canonical\Fooocus-main\models\loras\sd_xl_offset_example-lora_1.0.safetensors","sd_xl_offset_example-lora_1.0.safetensors",".safetensors","49553604","47.258","26/12/47 12:46:58 م"
"01_fooocus\Fooocus-main_canonical\Fooocus-main\models\prompt_expansion\fooocus_expansion\pytorch_model.bin","D:\zzipp\جي بي\الكميرا\_organized_generation_workspace_20260612\01_fooocus\Fooocus-main_canonical\Fooocus-main\models\prompt_expansion\fooocus_expansion\pytorch_model.bin","pytorch_model.bin",".bin","351283802","335.01","26/12/47 09:43:20 ص"
"01_fooocus\Fooocus-main_canonical\Fooocus-main\models\vae_approx\vaeapp_sd15.pth","D:\zzipp\جي بي\الكميرا\_organized_generation_workspace_20260612\01_fooocus\Fooocus-main_canonical\Fooocus-main\models\vae_approx\vaeapp_sd15.pth","vaeapp_sd15.pth",".pth","213777","0.204","26/12/47 09:42:46 ص"
"01_fooocus\Fooocus-main_canonical\Fooocus-main\models\vae_approx\xl-to-v1_interposer-v4.0.safetensors","D:\zzipp\جي بي\الكميرا\_organized_generation_workspace_20260612\01_fooocus\Fooocus-main_canonical\Fooocus-main\models\vae_approx\xl-to-v1_interposer-v4.0.safetensors","xl-to-v1_interposer-v4.0.safetensors",".safetensors","5667280","5.405","28/10/47 02:22:00 م"
"01_fooocus\Fooocus-main_canonical\Fooocus-main\models\vae_approx\xlvaeapp.pth","D:\zzipp\جي بي\الكميرا\_organized_generation_workspace_20260612\01_fooocus\Fooocus-main_canonical\Fooocus-main\models\vae_approx\xlvaeapp.pth","xlvaeapp.pth",".pth","213777","0.204","26/12/47 09:42:46 ص"
"01_fooocus\Fooocus-release_minimal\Fooocus-release\models\vae_approx\taesdxl_decoder.pth","D:\zzipp\جي بي\الكميرا\_organized_generation_workspace_20260612\01_fooocus\Fooocus-release_minimal\Fooocus-release\models\vae_approx\taesdxl_decoder.pth","taesdxl_decoder.pth",".pth","4913525","4.686","24/01/45 10:50:02 ص"
"01_fooocus\entry_with_update_full\models\checkpoints\juggernautXL_v8Rundiffusion.safetensors","D:\zzipp\جي بي\الكميرا\_organized_generation_workspace_20260612\01_fooocus\entry_with_update_full\models\checkpoints\juggernautXL_v8Rundiffusion.safetensors","juggernautXL_v8Rundiffusion.safetensors",".safetensors","7105348592","6776.188","28/10/47 04:56:20 م"
"01_fooocus\entry_with_update_full\models\clip_vision\clip_vision_vit_h.safetensors","D:\zzipp\جي بي\الكميرا\_organized_generation_workspace_20260612\01_fooocus\entry_with_update_full\models\clip_vision\clip_vision_vit_h.safetensors","clip_vision_vit_h.safetensors",".safetensors","1972298538","1880.93","29/10/47 01:17:10 ص"
"01_fooocus\entry_with_update_full\models\controlnet\fooocus_ip_negative.safetensors","D:\zzipp\جي بي\الكميرا\_organized_generation_workspace_20260612\01_fooocus\entry_with_update_full\models\controlnet\fooocus_ip_negative.safetensors","fooocus_ip_negative.safetensors",".safetensors","65616","0.063","23/03/45 11:57:06 ص"
"01_fooocus\entry_with_update_full\models\controlnet\ip-adapter-plus_sdxl_vit-h.bin","D:\zzipp\جي بي\الكميرا\_organized_generation_workspace_20260612\01_fooocus\entry_with_update_full\models\controlnet\ip-adapter-plus_sdxl_vit-h.bin","ip-adapter-plus_sdxl_vit-h.bin",".bin","1013454427","966.505","29/10/47 01:19:44 ص"
"01_fooocus\entry_with_update_full\models\embeddings\unaestheticXLv31.safetensors","D:\zzipp\جي بي\الكميرا\_organized_generation_workspace_20260612\01_fooocus\entry_with_update_full\models\embeddings\unaestheticXLv31.safetensors","unaestheticXLv31.safetensors",".safetensors","33296","0.032","29/03/45 04:49:08 ص"
"01_fooocus\entry_with_update_full\models\loras\sd_xl_offset_example-lora_1.0.safetensors","D:\zzipp\جي بي\الكميرا\_organized_generation_workspace_20260612\01_fooocus\entry_with_update_full\models\loras\sd_xl_offset_example-lora_1.0.safetensors","sd_xl_offset_example-lora_1.0.safetensors",".safetensors","49553604","47.258","24/01/45 07:53:38 م"
"01_fooocus\entry_with_update_full\models\prompt_expansion\fooocus_expansion\pytorch_model.bin","D:\zzipp\جي بي\الكميرا\_organized_generation_workspace_20260612\01_fooocus\entry_with_update_full\models\prompt_expansion\fooocus_expansion\pytorch_model.bin","pytorch_model.bin",".bin","351283802","335.01","25/02/45 04:23:46 ص"
"01_fooocus\entry_with_update_full\models\upscale_models\fooocus_upscaler_s409985e5.bin","D:\zzipp\جي بي\الكميرا\_organized_generation_workspace_20260612\01_fooocus\entry_with_update_full\models\upscale_models\fooocus_upscaler_s409985e5.bin","fooocus_upscaler_s409985e5.bin",".bin","33636613","32.078","23/03/45 11:53:28 ص"
"01_fooocus\entry_with_update_full\models\vae_approx\vaeapp_sd15.pth","D:\zzipp\جي بي\الكميرا\_organized_generation_workspace_20260612\01_fooocus\entry_with_update_full\models\vae_approx\vaeapp_sd15.pth","vaeapp_sd15.pth",".pth","213777","0.204","29/03/45 04:47:56 ص"
"01_fooocus\entry_with_update_full\models\vae_approx\xl-to-v1_interposer-v3.1.safetensors","D:\zzipp\جي بي\الكميرا\_organized_generation_workspace_20260612\01_fooocus\entry_with_update_full\models\vae_approx\xl-to-v1_interposer-v3.1.safetensors","xl-to-v1_interposer-v3.1.safetensors",".safetensors","6552480","6.249","29/03/45 04:47:58 ص"
"01_fooocus\entry_with_update_full\models\vae_approx\xl-to-v1_interposer-v4.0.safetensors","D:\zzipp\جي بي\الكميرا\_organized_generation_workspace_20260612\01_fooocus\entry_with_update_full\models\vae_approx\xl-to-v1_interposer-v4.0.safetensors","xl-to-v1_interposer-v4.0.safetensors",".safetensors","5667280","5.405","28/10/47 02:22:00 م"
"01_fooocus\entry_with_update_full\models\vae_approx\xlvaeapp.pth","D:\zzipp\جي بي\الكميرا\_organized_generation_workspace_20260612\01_fooocus\entry_with_update_full\models\vae_approx\xlvaeapp.pth","xlvaeapp.pth",".pth","213777","0.204","23/03/45 11:51:34 ص"
"02_stable_diffusion_webui\stable-diffusion-webui-master\stable-diffusion-webui-master\models\Stable-diffusion\juggernautXL_v8Rundiffusion.safetensors","D:\zzipp\جي بي\الكميرا\_organized_generation_workspace_20260612\02_stable_diffusion_webui\stable-diffusion-webui-master\stable-diffusion-webui-master\models\Stable-diffusion\juggernautXL_v8Rundiffusion.safetensors","juggernautXL_v8Rundiffusion.safetensors",".safetensors","7105348592","6776.188","28/10/47 04:56:20 م"
"02_stable_diffusion_webui\stable-diffusion-webui-master\stable-diffusion-webui-master\models\VAE-approx\model.pt","D:\zzipp\جي بي\الكميرا\_organized_generation_workspace_20260612\02_stable_diffusion_webui\stable-diffusion-webui-master\stable-diffusion-webui-master\models\VAE-approx\model.pt","model.pt",".pt","213777","0.204","21/01/46 05:49:38 ص"
"02_stable_diffusion_webui\stable-diffusion-webui-master\stable-diffusion-webui-master\models\VAE-approx\vaeapprox-sdxl.pt","D:\zzipp\جي بي\الكميرا\_organized_generation_workspace_20260612\02_stable_diffusion_webui\stable-diffusion-webui-master\stable-diffusion-webui-master\models\VAE-approx\vaeapprox-sdxl.pt","vaeapprox-sdxl.pt",".pt","213777","0.204","26/12/47 05:47:16 م"
"02_stable_diffusion_webui\stable-diffusion-webui-master\stable-diffusion-webui-master\test\test_files\empty.pt","D:\zzipp\جي بي\الكميرا\_organized_generation_workspace_20260612\02_stable_diffusion_webui\stable-diffusion-webui-master\stable-diffusion-webui-master\test\test_files\empty.pt","empty.pt",".pt","431","0","21/01/46 05:49:38 ص"
".venv_fooocus\Lib\site-packages\distutils-precedence.pth","D:\zzipp\جي بي\الكميرا\_organized_generation_workspace_20260612\.venv_fooocus\Lib\site-packages\distutils-precedence.pth","distutils-precedence.pth",".pth","151","0","26/12/47 09:31:08 ص"
".venv_fooocus\Lib\site-packages\onnxruntime\datasets\logreg_iris.onnx","D:\zzipp\جي بي\الكميرا\_organized_generation_workspace_20260612\.venv_fooocus\Lib\site-packages\onnxruntime\datasets\logreg_iris.onnx","logreg_iris.onnx",".onnx","670","0.001","26/12/47 09:37:16 ص"
".venv_fooocus\Lib\site-packages\onnxruntime\datasets\mul_1.onnx","D:\zzipp\جي بي\الكميرا\_organized_generation_workspace_20260612\.venv_fooocus\Lib\site-packages\onnxruntime\datasets\mul_1.onnx","mul_1.onnx",".onnx","130","0","26/12/47 09:37:16 ص"
".venv_fooocus\Lib\site-packages\onnxruntime\datasets\sigmoid.onnx","D:\zzipp\جي بي\الكميرا\_organized_generation_workspace_20260612\.venv_fooocus\Lib\site-packages\onnxruntime\datasets\sigmoid.onnx","sigmoid.onnx",".onnx","103","0","26/12/47 09:37:16 ص"
".venv_fooocus\Lib\site-packages\torchmetrics\functional\image\dists_models\weights.pt","D:\zzipp\جي بي\الكميرا\_organized_generation_workspace_20260612\.venv_fooocus\Lib\site-packages\torchmetrics\functional\image\dists_models\weights.pt","weights.pt",".pt","12288","0.012","26/12/47 09:37:44 ص"
".venv_fooocus\Lib\site-packages\torchmetrics\functional\image\lpips_models\alex.pth","D:\zzipp\جي بي\الكميرا\_organized_generation_workspace_20260612\.venv_fooocus\Lib\site-packages\torchmetrics\functional\image\lpips_models\alex.pth","alex.pth",".pth","6009","0.006","26/12/47 09:37:44 ص"
".venv_fooocus\Lib\site-packages\torchmetrics\functional\image\lpips_models\squeeze.pth","D:\zzipp\جي بي\الكميرا\_organized_generation_workspace_20260612\.venv_fooocus\Lib\site-packages\torchmetrics\functional\image\lpips_models\squeeze.pth","squeeze.pth",".pth","10811","0.01","26/12/47 09:37:44 ص"
".venv_fooocus\Lib\site-packages\torchmetrics\functional\image\lpips_models\vgg.pth","D:\zzipp\جي بي\الكميرا\_organized_generation_workspace_20260612\.venv_fooocus\Lib\site-packages\torchmetrics\functional\image\lpips_models\vgg.pth","vgg.pth",".pth","7289","0.007","26/12/47 09:37:44 ص"
".venv_sdwebui\Lib\site-packages\distutils-precedence.pth","D:\zzipp\جي بي\الكميرا\_organized_generation_workspace_20260612\.venv_sdwebui\Lib\site-packages\distutils-precedence.pth","distutils-precedence.pth",".pth","151","0","26/12/47 01:06:36 م"
".venv_sdwebui\Lib\site-packages\protobuf-3.20.0-py3.10-nspkg.pth","D:\zzipp\جي بي\الكميرا\_organized_generation_workspace_20260612\.venv_sdwebui\Lib\site-packages\protobuf-3.20.0-py3.10-nspkg.pth","protobuf-3.20.0-py3.10-nspkg.pth",".pth","540","0.001","26/12/47 01:08:24 م"
".venv_sdwebui\Lib\site-packages\sentencepiece\package_data\nfkc_cf.bin","D:\zzipp\جي بي\الكميرا\_organized_generation_workspace_20260612\.venv_sdwebui\Lib\site-packages\sentencepiece\package_data\nfkc_cf.bin","nfkc_cf.bin",".bin","247028","0.236","26/12/47 01:08:04 م"
".venv_sdwebui\Lib\site-packages\sentencepiece\package_data\nfkc.bin","D:\zzipp\جي بي\الكميرا\_organized_generation_workspace_20260612\.venv_sdwebui\Lib\site-packages\sentencepiece\package_data\nfkc.bin","nfkc.bin",".bin","240008","0.229","26/12/47 01:08:04 م"
".venv_sdwebui\Lib\site-packages\sentencepiece\package_data\nmt_nfkc_cf.bin","D:\zzipp\جي بي\الكميرا\_organized_generation_workspace_20260612\.venv_sdwebui\Lib\site-packages\sentencepiece\package_data\nmt_nfkc_cf.bin","nmt_nfkc_cf.bin",".bin","247027","0.236","26/12/47 01:08:04 م"
".venv_sdwebui\Lib\site-packages\sentencepiece\package_data\nmt_nfkc.bin","D:\zzipp\جي بي\الكميرا\_organized_generation_workspace_20260612\.venv_sdwebui\Lib\site-packages\sentencepiece\package_data\nmt_nfkc.bin","nmt_nfkc.bin",".bin","240007","0.229","26/12/47 01:08:04 م"
".venv_sdwebui\Lib\site-packages\torchmetrics\functional\image\dists_models\weights.pt","D:\zzipp\جي بي\الكميرا\_organized_generation_workspace_20260612\.venv_sdwebui\Lib\site-packages\torchmetrics\functional\image\dists_models\weights.pt","weights.pt",".pt","12288","0.012","26/12/47 02:11:46 م"
".venv_sdwebui\Lib\site-packages\torchmetrics\functional\image\lpips_models\alex.pth","D:\zzipp\جي بي\الكميرا\_organized_generation_workspace_20260612\.venv_sdwebui\Lib\site-packages\torchmetrics\functional\image\lpips_models\alex.pth","alex.pth",".pth","6009","0.006","26/12/47 02:11:46 م"
".venv_sdwebui\Lib\site-packages\torchmetrics\functional\image\lpips_models\squeeze.pth","D:\zzipp\جي بي\الكميرا\_organized_generation_workspace_20260612\.venv_sdwebui\Lib\site-packages\torchmetrics\functional\image\lpips_models\squeeze.pth","squeeze.pth",".pth","10811","0.01","26/12/47 02:11:46 م"
".venv_sdwebui\Lib\site-packages\torchmetrics\functional\image\lpips_models\vgg.pth","D:\zzipp\جي بي\الكميرا\_organized_generation_workspace_20260612\.venv_sdwebui\Lib\site-packages\torchmetrics\functional\image\lpips_models\vgg.pth","vgg.pth",".pth","7289","0.007","26/12/47 02:11:46 م"
"06_portable_tools\PortableGit-2.54.0-64-bit\usr\share\vim\vim92\tutor\tutor1.pt","D:\zzipp\جي بي\الكميرا\_organized_generation_workspace_20260612\06_portable_tools\PortableGit-2.54.0-64-bit\usr\share\vim\vim92\tutor\tutor1.pt","tutor1.pt",".pt","37094","0.035","03/11/47 08:50:06 م"
